artist,title,album,decade,year,date,lyric
Metallica,Nothing Else Matters,Metallica,90s,1991,1991-08-12,so close no matter how far couldn't be much more from the heart forever trusting who we are and nothing else matters never opened myself this way life is ours we live it our way all these words i don't just say and nothing else matters trust i seek and i find in you every day for us something new open mind for a different view and nothing else matters   never cared for what they do never cared for what they know but i know   so close no matter how far it couldn't be much more from the heart forever trusting who we are and nothing else matters   never cared for what they do never cared for what they know but i know      i never opened myself this way life is ours we live it our way all these words i don't just say and nothing else matters trust i seek and i find in you every day for us something new open mind for a different view and nothing else matters   never cared for what they say never cared for games they play never cared for what they do never cared for what they know and i know yeahyeah      so close no matter how far couldn't be much more from the heart forever trusting who we are no nothing else matters
Metallica,One,...And Justice for All,80s,1989,1989-08-25,i can't remember anything can't tell if this is true or a dream deep down inside i feel to scream this terrible silence stops me now that the war is through with me i'm waking up i cannot see that there's not much left of me nothing is real but pain now   hold my breath as i wish for death oh please god wake me   back in the womb it's much too real in pumps life that i must feel but can't look forward to reveal look to the time when i'll live fed through the tube that sticks in me just like a wartime novelty tied to machines that make me be cut this life off from me   hold my breath as i wish for death oh please god wake me  short  break   now the world is gone i'm just one oh god help me hold my breath as i wish for death oh please god help me   break   darkness imprisoning me all that i see absolute horror i cannot live i cannot die trapped in myself body my holding cell landmine has taken my sight taken my speech taken my hearing taken my arms taken my legs taken my soul left me with life in hell
Metallica,Enter Sandman,Metallica,90s,1991,1991-08-12,say your prayers little one don't forget my son to include everyone i tuck you in warm within keep you free from sin 'til the sandman he comes  pre sleep with one eye open gripping your pillow tight   exit light enter night take my hand we're off to never neverland   something's wrong shut the light heavy thoughts tonight and they aren't of snow white dreams of war dreams of liars dreams of dragons' fire and of things that will bite yeah  pre sleep with one eye open gripping your pillow tight   exit light enter night take my hand we're off to never neverland      now i lay me down to sleep now i lay me down to sleep pray the lord my soul to keep pray the lord my soul to keep and if i die before i wake if i die before i wake pray the lord my soul to take pray the lord my soul to take hush little baby don't say a word and never mind that noise you heard it's just the beast under your bed in your closet in your head   exit light enter night grain of sand exit light enter night take my hand we're off to never neverland yeah haha haha   oh yeahyeah yo we're off to never neverland take my hand we're off to never neverland take my hand we're off to never neverland
Metallica,Master of Puppets,Master of Puppets,80s,1986,1986-03-03,end of passion play crumbling away i'm your source of selfdestruction veins that pump with fear sucking darkest clear leading on your death's construction  refrain taste me you will see more is all you need dedicated to how i'm killing you  pre come crawling faster faster obey your master master your life burns faster faster obey your   master master master of puppets i'm pulling your strings twisting your mind and smashing your dreams blinded by me you can't see a thing just call my name 'cause i'll hear you scream master master just call my name 'cause i'll hear you scream master master   needlework the way never you betray life of death becoming clearer pain monopoly ritual misery chop your breakfast on a mirror  refrain taste me you will see more is all you need dedicated to how i'm killing you  pre come crawling faster faster obey your master master your life burns faster faster obey your   master master master of puppets i'm pulling your strings twisting your mind and smashing your dreams blinded by me you can't see a thing just call my name 'cause i'll hear you scream master master just call my name 'cause i'll hear you scream master master  post master master master master      master master wheres the dreams that ive been after master master you promised only lies laughter laughter all i hear or see is laughter laughter laughter laughing at my cries fix me      hell is worth all that natural habitat just a rhyme without a reason neverending maze drift on numbered days now your life is out of season  refrain i will occupy i will help you die i will run through you now i rule you too  pre come crawling faster faster obey your master master your life burns faster faster obey your   master master master of puppets i'm pulling your strings twisting your mind and smashing your dreams blinded by me you can't see a thing just call my name 'cause i'll hear you scream master master just call my name 'cause i'll hear you scream master master  laughter
Metallica,The Unforgiven,Metallica,90s,1991,1991-10-28,new blood joins this earth and quickly he's subdued through constant pained disgrace the young boy learns their rules with time the child draws in this whipping boy done wrong deprived of all his thoughts the young man struggles on and on he's known ooh a vow unto his own that never from this day his will they'll take away yeah   what i've felt what i've known never shined through in what i've shown never be never see won't see what might have been what i've felt what i've known never shined through in what i've shown never free never me so i dub thee unforgiven   they dedicate their lives to running all of his he tries to please them all this bitter man he is throughout his life the same he's battled constantly this fight he cannot win a tired man they see no longer cares the old man then prepares to die regretfully that old man here is me yeah   what i've felt what i've known never shined through in what i've shown never be never see won't see what might have been what i've felt what i've known never shined through in what i've shown never free never me so i dub thee unforgiven      what i've felt what i've known never shined through in what i've shown never be never see won't see what might have been what i've felt what i've known never shined through in what i've shown never free never me so i dub thee unforgiven whoa   never free never me so i dub thee unforgiven you labeled me i'll label you so i dub thee unforgiven ah never free never me so i dub thee unforgiven you labeled me i'll label you so i dub thee unforgiven never free never me so i dub thee unforgiven
Metallica,Fade to Black,Ride the Lightning,80s,1984,1984-07-27,life it seems will fade away drifting further every day getting lost within myself nothing matters no one else i have lost the will to live simply nothing more to give there is nothing more for me need the end to set me free   things not what they used to be missing one inside of me deathly loss this can't be real cannot stand this hell i feel emptiness is filling me to the point of agony growing darkness taking dawn i was me but now he's gone   no one but me can save myself but it's too late now i can't think think why i should even try yesterday seems as though it never existed death greets me warm now i will just say goodbye goodbye
Metallica,For Whom the Bell Tolls,Ride the Lightning,80s,1984,1984-07-27,make his fight on the hill in the early day constant chill deep inside shouting gun on they run through the endless grey on they fight for they're right yes but who's to say for a hill men would kill why they do not know stiffened wounds test their pride men of five still alive through the raging glow gone insane from the pain that they surely know   for whom the bell tolls time marches on for whom the bell tolls   take a look to the sky just before you die it's the last time you will blackened roar massive roar fills the crumbling sky shattered goal fill his soul with a ruthless cry stranger now are his eyes to this mystery hears the silence so loud crack of dawn all is gone except the will to be now they see what will be blinded eyes to see   for whom the bell tolls time marches on for whom the bell tolls
Metallica,Sad But True,Metallica,90s,1991,1991-08-12,hey hey i'm your life i'm the one who takes you there hey hey i'm your life i'm the one who cares they they they betray i'm your only true friend now they they they'll betray i'm forever there   i'm your dream make you real i'm your eyes when you must steal i'm your pain when you can't feel sad but true i'm your dream mind astray i'm your eyes while you're away i'm your pain while you repay you know it's sad but true sad but true   you you you're my mask you're my cover my shelter you you you're my mask you're the one who's blamed do do do my work do my dirty work scapegoat do do do my deeds for you're the one who's shamed   i'm your dream make you real i'm your eyes when you must steal i'm your pain when you can't feel sad but true i'm your dream mind astray i'm your eyes while you're away i'm your pain while you repay you know it's sad but true sad but true      i'm your dream i'm your eyes i'm your pain i'm your dream i'm your dream i'm your eyes i'm your eyes i'm your pain i'm your pain you know it's sad but true      hate hate i'm your hate i'm your hate when you want love pay pay pay the price pay for nothing's fair hey hey i'm your life i'm the one who took you there hey hey i'm your life and i no longer care   i'm your dream make you real i'm your eyes when you must steal i'm your pain when you can't feel sad but true i'm your truth telling lies i'm your reasoned alibis i'm inside open your eyes i'm you sad but true
Metallica,Welcome Home (Sanitarium),Master of Puppets,80s,1986,1986-03-03,welcome to where time stands still no one leaves and no one will moon is full never seems to change just labelled mentally deranged dream the same thing every night i see our freedom in my sight no locked doors no windows barred no things to make my brain seem scarred sleep my friend and you will see that dream is my reality they keep me locked up in this cage can't they see it's why my brain says rage   sanitarium leave me be sanitarium just leave me alone      build my fear of what's out there i cannot breathe the open air whisper things into my brain assuring me that i'm insane they think our heads are in their hands but violent use brings violent plans keep him tied it makes him well he's getting better can't you tell no more can they keep us in listen damn it we will win they see it right they see it well but they think this saves us from our hell   sanitarium leave me be sanitarium just leave me alone   sanitarium just leave me alone   fear of living on natives getting restless now mutiny in the air got some death to do mirror stares back hard kill it's such a friendly word seems the only way for reaching out again
Metallica,Creeping Death,Ride the Lightning,80s,1984,1984-07-27,slaves hebrews born to serve to the pharaoh heed to his every word live in fear faith of the unknown one the deliverer wait something must be done four hundred years   so let it be written so let it be done i'm sent here by the chosen one so let it be written so let it be done to kill the first born pharaoh son i'm creeping death   now let my people go land of goshen go i will be with thee bush of fire blood running red and strong down the nile plague darkness three days long hail to fire   so let it be written so let it be done i'm sent here by the chosen one so let it be written so let it be done to kill the first born pharaoh son i'm creeping death      die by my hand die i creep across the land die killing first born man die by my hand die i creep across the land die killing first born man   i rule the midnight air the destroyer born i shall soon be there deadly mass i creep the steps and floor final darkness blood lamb's blood painted door i shall pass   so let it be written so let it be done i'm sent here by the chosen one so let it be written so let it be done to kill the first born pharaoh son i'm creeping death
Metallica,Wherever I May Roam,Metallica,90s,1991,1991-08-12,and the road becomes my bride and the road becomes my bride i have stripped of all but pride so in her i do confide and she keeps me satisfied gives me all i need and with dust in throat i crave only knowledge will i save to the game you stay a slave roamer wanderer nomad vagabond call me what you will yeah   oh but i'll take my time anywhere free to speak my mind anywhere and i'll redefine anywhere anywhere i roam where i lay my head is home yeah   and the earth becomes my throne and the earth becomes my throne i adapt to the unknown under wandering stars i've grown by myself but not alone i ask no one and my ties are severed clean the less i have the more i gain off the beaten path i reign rover wanderer nomad vagabond call me what you will yeah you will   but i'll take my time anywhere i'm free to speak my mind anywhere and ill never mind anywhere anywhere i roam where i lay my head is home yeah yeah      but i'll take my time anywhere i'm free to speak my mind and i'll take my time anywhere anywhere i roam where i lay my head is home that's right      but i'll take my time anywhere i'm free to speak my mind anywhere and i'll redefine anywhere anywhere i roam where i lay my head is home carved upon my stone my body lies but still i roam yeah yeah   wherever i may roam wherever i may roam roam wherever i may roam wherever i may roam yeah wherever i may wander wander wander wherever i may roam yeah yeah wherever i may roam yeah yeah wherever i may roam wherever i may roam wherever i may roam wherever i may roam
Metallica,...And Justice for All,...And Justice for All,80s,1988,1988-08-25,halls of justice painted green money talking power wolves beset your door hear them stalking soon you'll please their appetite they devour hammer of justice crushes you overpower   the ultimate in vanity exploiting their supremacy i can't believe the things you say i can't believe i can't believe the price you pay nothing can save you justice is lost justice is raped justice is gone pulling your strings justice is done seeking no truth winning is all find it so grim so true so real   apathy their stepping stone so unfeeling hidden deep animosity so deceiving through your eyes their light burns hoping to find inquisition sinking you with prying minds   the ultimate in vanity exploiting their supremacy i can't believe the things you say i can't believe i can't believe the price you pay nothing can save you justice is lost justice is raped justice is gone pulling your strings justice is done seeking no truth winning is all find it so grim so true so real   break   lady justice has been raped truth assassin rolls of red tape seal your lips now you're done in their money tips her scales again make your deal just what is truth i cannot tell cannot feel   the ultimate in vanity exploiting their supremacy i can't believe the things you say i can't believe i can't believe the price we pay nothing can save us justice is lost justice is raped justice is gone pulling your strings justice is done seeking no truth winning is all find it so grim so true so real   seeking no truth winning is all find it so grim so true so real
Metallica,Battery,Master of Puppets,80s,1986,1986-03-03,lashing out the action returning the reaction weak are ripped and torn away hypnotizing power crushing all that cower battery is here to stay   smashing through the boundaries lunacy has found me cannot stop the battery pounding out aggression turns into obsession cannot kill the battery cannot kill the family battery is found in me battery battery   crushing all deceivers mashing nonbelievers neverending potency hungry violenceseeker feeding off the weaker breeding on insanity   smashing through the boundaries lunacy has found me cannot stop the battery pounding out aggression turns into obsession cannot kill the battery cannot kill the family battery is found in me battery battery      circle of destruction hammer comes crushing powerhouse of energy whipping up a fury dominating flurry we create the battery   smashing through the boundaries lunacy has found me cannot stop the battery pounding out aggression turns into obsession cannot kill the battery cannot kill the family battery is found in me battery battery battery battery
Metallica,"Atlas, Rise!",Hardwired…To Self-Destruct (Deluxe Edition),10s,2016,2016-10-31,bitterness and burden curses rest on thee solitaire and sorrow all eternity save the earth and claim perfection deem the mass and blame rejection hold the pose feign perception grudges break your back  pre all you bear all you carry all you bear place it right on right on me   die as you suffer in vain own all the grief and the pain die as you hold up the skies atlas rise how does it feel on your own bound by the world all alone crushed under heavy skies atlas rise   crucify and witness circling the sun bastardized in ruin what have you become blame the world and blame your maker wish 'em to the undertaker crown yourself the other savior so you carry on  pre all you bear all you carry all you bear place it right on right on me   die as you suffer in vain own all the grief and the pain die as you hold up the skies atlas rise how does it feel on your own bound by the world all alone crushed under heavy skies crushed under heavy skies atlas rise     masquerade as maker heavy is the crown beaten down and broken drama wears you down overload the martyr stumbles hit the ground and heaven crumbles all alone thy fears shall humble swallow all your pride  pre all you bear all you carry all you bear place it right on right on me   die as you suffer in vain own all the grief and the pain die as you hold up the skies atlas rise how does it feel on your own bound by the world all alone crushed under heavy skies crushed under heavy skies atlas rise
Metallica,Blackened,...And Justice for All,80s,1988,1988-08-25,blackened is the end winter it will send throwing all you see into obscurity death of mother earth never her rebirth evolution's end never will it mend never   fire to begin whipping dance of the dead blackened is the end to begin whipping dance of the dead color our world blackened   blistering of earth terminate its worth deadly nicotine kills what might have been callous frigid chill nothing left to kill never seen before breathing nevermore never   fire to begin whipping dance of the dead blackened is the end to begin whipping dance of the dead color our world blackened  post blackened   opposition opposition contradiction contradiction premonition premonition compromise agitation agitation violation violation mutilation mutilation planet dies darkest color blistered earth true death of life termination termination expiration expiration cancellation cancellation human race expectation expectation liberation liberation population population laid to waste see our mother put to death see our mother die      smoldering decay take her breath away millions of our years in minutes disappears darkening in vain decadence remains all is said and done never is the sun never   fire to begin whipping dance of the dead blackened is the end to begin whipping dance of the dead fire is the outcome of hypocrisy darkest potency in the exit of humanity color our world blackened  post blackened
Metallica,The Unforgiven II,Reload,90s,1997,1997-11-18,lay beside me tell me what they've done speak the words i want to hear to make my demons run the door is locked now but it's open if you're true if you can understand the me then i can understand the you  lay beside me under wicked sky through black of day dark of night we share this paralyze the door cracks open but there's no sun shining through black heart scarring darker still but there's no sun shining through no there's no sun shining through no there's no sun shining   what i've felt what i've known turn the pages turn the stone behind the door should i open it for you yeah what i've felt what i've known sick and tired i stand alone could you be there because i'm the one who waits for you or are you unforgiven too   come lay beside me this won't hurt i swear she loves me not she loves me still but she'll never love again she lay beside me but she'll be there when i'm gone black heart scarring darker still yes she'll be there when i'm gone yes she'll be there when i'm gone dead sure she'll be there   what i've felt what i've known turn the pages turn the stone behind the door should i open it for you yeah what i've felt what i've known sick and tired i stand alone could you be there because i'm the one who waits for you or are you unforgiven too      lay beside me tell me what i've done the door is closed so are your eyes but now i see the sun now i see the sun yes now i see it   what i've felt what i've known turn the pages turn the stone behind the door should i open it for you yeah what i've felt what i've known so sick and tired i stand alone could you be there because i'm the one who waits the one who waits for you oh   what i've felt what i've known turn the pages turn the stone behind the door should i open it for you so i dub thee unforgiven   what i've felt oh what i've known  i take this key never free and i bury it never me in you because you're unforgiven too   never free never me because you're unforgiven too oh oh oh
Metallica,Turn the Page,Garage Inc.,90s,1998,1998-11-24,on a long and lonesome highway east of omaha you can listen to the engines moaning out its one old song you can think about the woman or the girl you knew the night before but your thoughts will soon be wandering the way they always do when you are riding sixteen hours and there's nothing much to do you don't feel much like riding you just wish the trip was through   but here i am on the road again there i am up on the stage there i go playing the star again there i go turn the page   so you walk into this restaurant strung out from the road and you feel the eyes upon you as you're shaking off the cold you pretend it doesn't bother you but you just want to explode and most times you can't hear them talk other times you can all the same old cliches is it woman is it man and you always seem outnumbered you don't dare make a stand make your stand   but here i am on the road again there i am up on the stage here i go playing the star again there i go turn the page   out there in the spotlight you're a million miles away every ounce of energy you try to give away and the sweat pours out your body like the music that you play later in the evening as you lie awake in bed with the echoes of the amplifiers ringing in your head you smoke the day's last cigarette remembering what she said what she said   but here i am on the road again there i am up on the stage here i go playing the star again there i go turn the page   there i go turn that page there i go yeah there i go yeah there i go yeah here i go there i go there i go and i'm gone
Metallica,Seek & Destroy,Kill ‘Em All,80s,1983,1983-07-25,alright   we're scanning the scene in the city tonight we're looking for you to start up a fight there's an evil feeling in our brains but it's nothing new you know it drives us insane  pre running on our way hiding you will pay dying one thousand deaths running on our way hiding you will pay dying one thousand deaths   searching seek and destroy searching seek and destroy searching seek and destroy searching seek and destroy   there is no escape and that's for sure this is the end we won't take any more say goodbye to the world you live in you've always been taking and now you're giving  pre running on our way hiding you will pay dying one thousand deaths running on our way hiding you will pay dying one thousand deaths   searching seek and destroy searching seek and destroy searching seek and destroy searching seek and destroy      our brains are on fire with the feeling to kill and it won't go away until our dreams are fulfilled there is only one thing on our minds don't try running away 'cause you're the one we will find  pre running on our way hiding you will pay dying one thousand deaths running on our way hiding you will pay dying one thousand deaths   searching seek and destroy searching seek and destroy searching seek and destroy searching seek and destroy aha ha ha ha
Metallica,The Four Horsemen,Kill ‘Em All,80s,1983,1983-07-25,by the last breath of the fourth winds blow better raise your ears the sound of hooves knock at your door lock up your wife and children now it's time to wield the blade for now you've got some company   the horsemen are drawing nearer on the leather steeds they ride they've come to take your life on through the dead of night with the four horsemen ride or choose your fate and die aw yeah yeah   you've been dying since the day you were born you know it's all been planned the quartet of deliverance rides a sinner once a sinner twice no need for confession now 'cause now you have got the fight of your life   the horsemen are drawing nearer on the leather steeds they ride they've come to take your life on through the dead of night with the four horsemen ride or choose your fate and die aw yeah yeah   time has taken its toll on you the lines that crack your face famine your body it has torn through withered in every place pestilence for what you've had to endure and what you have put others through death deliverance for you for sure now there's nothing you can do       so gather round young warriors now and saddle up your steeds killing scores with demon swords now's the death of doers of wrong swing the judgment hammer down safely inside armor blood guts and sweat   the horsemen are drawing nearer on the leather steeds they ride they've come to take your life on through the dead of night with the four horsemen ride or choose your fate and die aw yeah yeah
Metallica,Ride the Lightning,Ride the Lightning,80s,1984,1984-07-27,guilty as charged but damn it ain't right there's someone else controlling me death in the air strapped in the electric chair this can't be happening to me  pre who made you god to say i'll take your life from you   flash before my eyes now it's time to die burning in my brain i can feel the flame   wait for the sign  to flick the switch of death it's the beginning of the end sweat chilling cold as i watch death unfold consciousness my only friend  pre my fingers grip with fear what am i doing here   flash before my eyes now it's time to die burning in my brain i can feel the flame   someone help me oh please god help me they're trying to take it all away i don't want to die      someone help me oh please god help me they're trying to take it all away i don't want to die   time moving slow the minutes seem like hours the final curtain call i see how true is this just get it over with if this is true just let it be  pre wakened by a horrid scream freed from this frightening dream   flash before my eyes now it's time to die burning in my brain i can feel the flame
Metallica,The Day That Never Comes,Death Magnetic,00s,2008,2008-09-12,born to push you 'round better just stay down you pull away he hits the flesh you hit the ground mouth so full of lies tend to black your eyes just keep them closed keep praying just keep waiting   waiting for the one the day that never comes ah when you stand up and feel the warmth but the sunshine never comes no no the sunshine never comes   push you cross that line just stay down this time hide in yourself crawl in yourself you'll have your time god i'll make them pay take it back one day i'll end this day i'll splatter color on this gray   waiting for the one the day that never comes ah when you stand up and feel the warmth huh but the sunshine never comes   love is a four letter word and never spoken here love is a four letter word here in this prison i suffer this no longer i'll put an end to this i swear this i swear the sun will shine this i swear this i swear this i swear
Metallica,The Unforgiven III,Death Magnetic,00s,2008,2008-09-12,how could he know this new dawn's light would change his life forever set sail to sea but pulled off course by the light of golden treasure was he the one causing pain with his careless dreaming been afraid always afraid of the things he's feeling he could just be gone he would just sail on you would just sail on   how can i be lost if i've got nowhere to go searched for seas of gold how come it's got so cold how can i be lost in remembrance i relive and how can i blame you when it's me i can't forgive   these days drift on inside a fog it's thick and suffocating this seeking life outside its hell inside intoxicating he's run aground like his life water much too shallow slipping fast down with the ship fading in the shadows now a castaway they've all gone away they've gone away   how can i be lost if i've got nowhere to go searched for seas of gold how come it's got so cold how can i be lost in remembrance i relive and how can i blame you when it's me i can't forgive   forgive me forgive me not forgive me forgive me not forgive me forgive me not forgive me forgive me why can't i forgive me      set sail to sea but pulled off course by the light of golden treasure how could he know this new dawn's light would change his life forever   how can i be lost if i've got nowhere to go searched for seas of gold how come it's got so cold how can i be lost in remembrance i relive so how can i blame you when it's me i can't forgive
Metallica,Hardwired,Hardwired…To Self-Destruct (Deluxe Edition),10s,2016,2016-11-18,in the name of desperation in the name of wretched pain in the name of all creation gone insane   we're so fucked shit outta luck hardwired to selfdestruct   on the way to paranoia on the crooked borderline on the way to great destroyer doomed design   we're so fucked shit outta luck hardwired to selfdestruct   once upon a planet burning once upon a flame once upon a fear returning all in vain do you feel that hope is fading do you comprehend do you feel it terminating in the end   we're so fucked shit outta luck hardwired to selfdestruct hardwired to selfdestruct selfdestruct selfdestruct selfdestruct
Metallica,Fuel,Reload,90s,1997,1997-11-18,give me fuel give me fire give me that which i desire ooh   yeah turn on i see red adrenaline crash and crack my head nitro junkie paint me dead and i see red a hundred plus through black and white war horse warhead fuck 'em man whiteknuckle tight through black and white   ooh on i burn fuel is pumping engines burning hard loose and clean and i burn churning my direction quench my thirst with gasoline so give me fuel give me fire give me that which i desire hey   turn on beyond the bone swallow future spit out home burn your face upon the chrome yeah take the corner join the crash headlights headlines another junkie lives too fast yeah lives way too fast fast fast ooh   ooh on i burn fuel is pumping engines burning hard loose and clean and i burn churning my direction quench my thirst with gasoline so give me fuel give me fire give me that which i desire ooh yeahheh white knuckle tight      give me fuel on i burn on and on give me fire on i burn on and on my desire on i burn on and on   ooh on i burn fuel is pumping engines burning hard loose and clean and i burn churning my direction quench my thirst with gasoline so give me fuel give me fire give me that which i desire on i burn
Metallica,Disposable Heroes,Master of Puppets,80s,1986,1986-03-03,bodies fill the fields i see hungry heroes end no one to play soldier now no one to pretend running blind through killing fields bred to kill them all victim of what said should be a servant 'til i fall  pre soldier boy made of clay now an empty shell twentyone only son but he served us well bred to kill not to care do just as we say finished here greeting death he's yours to take away   back to the front you will do what i say when i say back to the front you will die when i say you must die back to the front you coward you servant you blind man   barking of machinegun fire does nothing to me now sounding of the clock that ticks get used to it somehow more a man more stripes you wear glory seeker trends bodies fill the fields i see the slaughter never ends  pre soldier boy made of clay now an empty shell twentyone only son but he served us well bred to kill not to care do just as we say finished here greeting death he's yours to take away   back to the front you will do what i say when i say back to the front you will die when i say you must die back to the front you coward you servant you blind man   why am i dying kill have no fear lie live off lying hell hell is here      why am i dying kill have no fear lie live off lying hell hell is here i was born for dying   life planned out before my birth nothing could i say had no chance to see myself molded day by day looking back i realize nothing have i done left to die with only friend alone i clench my gun  pre soldier boy made of clay now an empty shell twentyone only son but he served us well bred to kill not to care do just as we say finished here greeting death he's yours to take away   back to the front you will do what i say when i say back to the front you will die when i say you must die back to the front you coward you servant you blind man back to the front   back to the front back to the front back to the front back to the front
Metallica,To Live Is to Die,...And Justice for All,80s,1988,1988-08-25,spoken word when a man lies he murders some part of the world these are the pale deaths which men miscall their lives all this i cannot bear to witness any longer cannot the kingdom of salvation take me home
Metallica,Dyers Eve,...And Justice for All,80s,1988,1988-08-25,dear mother dear father what is this hell you have put me through believer deceiver day in day out lived my life through you pushed onto me what's wrong or right hidden from this thing that they call life dear mother dear father every thought i'd think you'd disapprove curator dictator always censoring my every move children are seen but are not heard tear out everything inspired  refrain innocence torn from me without your shelter barred reality i'm living blindly   dear mother dear father time has frozen still what's left to be hear nothing say nothing cannot face the fact i think for me no guarantee it's life as is but damn you for not giving me my chance dear mother dear father you clipped my wings before i learned to fly unspoiled unspoken i've outgrown that fucking lullaby same thing i've always heard from you do as i say not as i do  refrain innocence torn from me without your shelter barred reality i'm living blindly      i'm in hell without you cannot cope without you two shocked at the world that i see innocent victim please rescue me   dear mother dear father hidden in your world you've made for me i'm seething i'm bleeding ripping wounds in me that never heal undying spite i feel for you living out this hell you always knew
Metallica,Harvester of Sorrow,...And Justice for All,80s,1988,1988-08-25,my life suffocates planting the seeds of hate i've loved turned to hate trapped far beyond my fate i give you take this life that i forsake been cheated of my youth you've turned this lie to truth  pre anger misery you'll suffer unto me   harvester of sorrow language of the mad harvester of sorrow   pure black looking clear my work is done soon here try getting back to me get back which used to be drink up shoot in let the beatings begin distributor of pain your loss becomes my gain  pre anger misery you'll suffer unto me   harvester of sorrow language of the mad harvester of sorrow      all have said their prayers invade their nightmares to see into my eyes you'll find where murder lies infanticide   harvester of sorrow language of the mad harvester of sorrow language of the mad   harvester of sorrow harvester of sorrow harvester of sorrow harvester of sorrow harvester of sorrow harvester of sorrow
Metallica,Whiskey in the Jar,Garage Inc.,90s,1998,1998-11-24,as i was going over the cork and kerry mountains i saw captain farrell and his money he was counting i first produced my pistol and then produced my rapier i said stand and deliver or the devil he may take you i took all of his money and it was a pretty penny i took all of his money yeah and i brought it home to molly she swore that she would love me no never would she leave me but the devil take that woman yeah for you know she tricked me easy   musha ring dum a doo dum a da whack for my daddyo whack for my daddyo there's whiskey in the jaro   being drunk and weary i went to molly's chamber taking money with me but i never knew the danger for about six or maybe seven in walked captain farrell i jumped up fired off my pistols and i shot him with both barrels yeah   musha ring dum a doo dum a da whack for my daddyo whack for my daddyo there's whiskey in the jaro yeahah whiskey in the jaro yeah yeah yeah woah yeah yeah   now some men like the fishing and some men like the fowling and some men like to hear to hear cannon ball a roaring me i like sleeping specially in my molly's chamber but here i am in prison here i am with a ball and chain yeah   musha ring dum a doo dum a da yeah yeah whack for my daddyo whack for my daddyo whiskey in the jaro yeah whiskey in the jaro yeah   musha ring dum a doo dum a da musha ring dum a doo dum a da hey musha ring dum a doo dum a da musha ring dum a doo dum a da yeah
Metallica,Moth Into Flame,Hardwired…To Self-Destruct (Deluxe Edition),10s,2016,2016-09-26,blacked out pop queen amphetamine the screams crashed into silence tapped out doused in the gasoline the high times going timeless   decadence death of the innocence the pathway starts to spiral infamy all for publicity destruction going viral  pre light it up ah light it up another hit erases all the pain bulletproof ah kill the truth youre falling but you think youre flying high high again   sold your soul built a higher wall yesterday now youre thrown away same rise and fall who cares at all seduced by fame a moth into the flame   twisted backstabbing wicked the delusion absolution perjurer fame is the murderer seduce you into ruin  pre light it up ah light it up another hit erases all the pain bulletproof ah tell the truth youre falling but you think youre flying high high again   sold your soul built a higher wall yesterday now youre thrown away same rise and fall who cares at all seduced by fame a moth into the flame   burn guarantee your name you go and kill yourself the vultures feast around you still overdose on shame and insecurity if one wont do that fistful will  4 death scene black hearse the limousine a grave filled with seduction vaccine fame does the murdering she builds up for destruction  pre so light it up ah light it up another hit erases all the pain bulletproof ah no excuse youre falling but you think youre flying high high again   sold your soul built a higher wall yesterday now youre thrown away same rise and fall who cares at all seduced by fame a moth into the flame   addicted to the fame
Metallica,St. Anger,St. Anger,00s,2003,2003-06-05,verse saint anger 'round my neck saint anger 'round my neck he never gets respect saint anger 'round my neck  pre you flush it out you flush it out   saint anger 'round my neck you flush it out you flush it out   he never gets respect you flush it out you flush it out   saint anger 'round my neck you flush it out you flush it out   he never gets respect   fuck it all and no regrets i hit the lights on these dark sets i need a voice to let myself to let myself go free fuck it all and fucking no regrets i hit the lights on these dark sets medallion noose i hang myself saint anger 'round my neck  post i feel my world shake like an earthquake hard to see clear is it me is it fear i'm madly in anger with you i'm madly in anger with you  verse saint anger 'round my neck saint anger 'round my neck he never gets respect saint anger 'round my neck  pre you flush it out you flush it out   saint anger 'round my neck you flush it out you flush it out   he never gets respect you flush it out you flush it out   saint anger 'round my neck you flush it out you flush it out   he never gets respect   fuck it all and no regrets i hit the lights on these dark sets i need a voice to let myself to let myself go free fuck it all and fucking no regrets i hit the lights on these dark sets medallion noose i hang myself saint anger 'round my neck  post i feel my world shake like an earthquake hard to see clear is it me is it fear i'm madly in anger with you i'm madly in anger with you i'm madly in anger with you i'm madly in anger with you   and i want my anger to be healthy and i want my anger just for me and i need my anger not to control and i want my anger to be me and i need to set my anger free and i need to set my anger free set it free   fuck it all and no regrets i hit the lights on these dark sets i need a voice to let myself to let myself go free fuck it all and fucking no regrets i hit the lights on these dark sets medallion noose i hang myself saint anger 'round my neck  post i feel my world shake like an earthquake hard to see clear is it me is it fear i'm madly in anger with you i'm madly in anger with you i'm madly in anger with you i'm madly in anger with you
Metallica,The Thing That Should Not Be,Master of Puppets,80s,1986,1986-03-03,messenger of fear in sight dark deception kills the light hybrid children watch the sea pray for father roaming free   fearless wretch insanity he watches lurking beneath the sea great old one forbidden site he searches hunter of the shadows is rising immortal in madness you dwell   crawling chaos underground cult has summoned twisted sound out from ruins once possessed fallen city living death   fearless wretch insanity he watches lurking beneath the sea timeless sleep has been upset he awakens hunter of the shadows is rising immortal in madness you dwell in madness you dwell      not dead which eternal lie stranger eons death may die drain you of your sanity face the thing that should not be   fearless wretch insanity he watches lurking beneath the sea great old one forbidden site he searches hunter of the shadows is rising immortal in madness you dwell
Metallica,Now That We’re Dead,Hardwired…To Self-Destruct (Deluxe Edition),10s,2016,2016-11-18,when darkness falls may it be that we should see the light when reaper calls may it be that we walk straight and right when doubt returns may it be that faith shall permeate our scars when were seduced then may it be that we not deviate our cause  pre all sinners a future all saints a past beginning the ending return to ash    now that we're dead my dear we can be together now that we're dead my dear we can live forever    when all is pain may it be its all weve ever known when flame consumes may it be it warms our dying bones when loss has won may it be its you im madly fighting for when kingdom comes may it be we walk right through that open door  pre all sinners a future all saints a past beginning the ending return to ash    now that we're dead my dear we can be together now that we're dead my dear we can live forever     pre all sinners a future all saints a past beginning the ending return to ash    now that we're dead my dear we can be together now that we're dead my dear we can live we can live forever   return to ashes shed this skin beyond the black we rise again we shall live forever
Metallica,Whiplash,Kill ‘Em All,80s,1983,1983-07-25,late at night all systems go you've come to see the show we do our best you're the rest you make it real you know there's a feeling deep inside that drives you fucking mad a feeling of a hammerhead you need it oh so bad   adrenaline starts to flow you're thrashing all around acting like a maniac whiplash   bang your head against the stage like you never did before make it ring make it bleed make it really sore in a frenzied madness   with your leathers and your spikes heads are bobbing all around  it's hot as hell tonight   adrenaline starts to flow you're thrashing all around acting like a maniac whiplash   here on stage the marshall noise is piercing through your ears it kicks your ass kicks your face exploding feeling nears now's the time to let it rip to let it fucking loose we're gathered here to maim and kill cause this is what we choose   adrenaline starts to flow you're thrashing all around acting like a maniac   here we go    whiplash  4 the show is through the metal's gone it's time to hit the road another town another gig again we will explode hotel rooms and motorways life out here is raw but we'll never stop we'll never quit 'cause we're metallica   adrenaline starts to flow you're thrashing all around acting like a maniac   whoa whoa
Metallica,Don’t Tread on Me,Metallica,90s,1991,1991-08-12,james hetfield don't tread on me i said don't tread on me   james hetfield liberty or death what we so proudly hail once you provoke her rattling of her tail never begins it never but once engaged never surrenders showing the fangs of rage i said don't tread on me   james hetfield so be it  threaten no more to secure peace is to prepare for war so be it settle the score touch me again for the words that you will hear evermore don't tread on me   james hetfield love it or leave it she with the deadly bite quick is the blue tongue forked as a lightning strike shining with brightness always on surveillance the eyes they never close emblem of vigilance ooh no no no said don't tread on me   james hetfield so be it threaten no more to secure peace is to prepare for war so be it settle the score touch me again for the words that you will hear evermore don't tread on me    kirk hammett   james hetfield so be it threaten no more to secure peace is to prepare for war   james hetfield liberty or death what we so proudly hail once you provoke her rattling of her tail   james hetfield so be it threaten no more to secure peace is to prepare for war so be it settle the score touch me again for the words that you will hear evermore don't tread on me
Metallica,Until It Sleeps,Load,90s,1996,1996-06-04,where do i take this pain of mine i run but it stays right by my side    so tear me open and pour me out there's things inside that scream and shout and the pain still hates me so hold me until it sleeps   just like the curse just like the stray you feed it once and now it stays now it stays    so tear me open but beware there's things inside without a care and the dirt still stains me so wash me until i'm clean  post it grips you so hold me it stains you so hold me yeah it hates you so hold me yeah it holds you so hold me until it sleeps until it sleeps until it sleeps   so tell me why you've chosen me don't want your grip don't want your greed don't want it    i'll tear me open make you gone no more can you hurt anyone and the fear still shakes me so hold me until it sleeps  post it grips you so hold me it stains you so hold me it hates you so hold me yeah it holds you holds you holds you until it sleeps until it sleeps until it sleeps until it sleeps until it sleeps   i don't want it i don't want it want it want it want it want it no woahwoah    so tear me open but beware there's things inside without a care and the dirt still stains me so wash me 'til i'm clean   4 i'll tear me open make you gone no longer will you hurt anyone and the hate still shapes me so hold me until it sleeps   until it sleeps until it sleeps until it sleeps until it sleeps
Metallica,No Leaf Clover (Live with the SFSO),S&M (Live),90s,1999,1999-11-23,and it feels right this time on this crash course with the big time pay no mind to the distant thunder new day fills his head with wonder boy  says it feels right this time turned around and found the right line good day to be alive sir good day to be alive he said yeah   then it comes to be that the soothing light at the end of your tunnel was just a freight train coming your way then it comes to be that the soothing light at the end of your tunnel was just the freight train coming your way yeah   dont it feel right like this all the pieces fall to his wish sucker for that quick reward boy sucker for that quick reward they said   then it comes to be that the soothing light at the end of your tunnel was just a freight train coming your way then it comes to be that the soothing light at the end of your tunnel was just a freight train coming your way yeah it's coming your way it's coming your way yeah yeah  here it comes     yeah then it comes to be that the soothing light at the end of your tunnel was just a freight train coming your way yeah   then it comes to be yeah then it comes to be yeah then it comes to be yeah then it comes to be yeah then it comes to be yeah then it comes to be yeah then it comes to be yeah then it comes to be yeah  yeah
Metallica,King Nothing,Load,90s,1996,1996-06-04,wish i may wish i might have this i wish tonight are you satisfied dig for gold dig for fame you dig to make your name are you pacified  pre all the wants you waste all the things you've chased   then it all crashes down and you break your crown and you point your finger but there's no one around just want one thing just to play the king but the castle crumbled and you're left with just a name where's your crown king nothing where's your crown   hot and cold bought and sold a heart as hard as gold yeah are you satisfied wish i might wish i may you wish your life away are you pacified  pre all the wants you waste all the things you've chased   then it all crashes down and you break your crown and you point your finger but there's no one around just want one thing just to play the king but the castle crumbled and you're left with just a name where's your crown king nothing where's your crown  post oh nothing oh where's your crown      i wish i may i wish i might have this wish i wish tonight i want that star i want it now i want it all and i don't care how careful what you wish careful what you say careful what you wish you may regret it careful what you wish you just might get it   then it all crashes down and you break your crown and you point your finger but there's no one around just want one thing just to play the king but the castle crumbled and you're left with just a name where's your crown king nothing   nothing no you're just nothing where's your crown king nothing no you're just nothing absolutely nothing off to never never land
Metallica,Leper Messiah,Master of Puppets,80s,1986,1986-03-03,lars ulrich      4    james hetfield spineless from the start sucked into the part circus comes to town you play the lead clown  pre james hetfield please please spreading his disease living by his story knees knees falling to your knees suffer for his glory you will   james hetfield time for lust time for lie time to kiss your life goodbye send me money send me green heaven you will meet make a contribution and you'll get a better seat bow to leper messiah   james hetfield marvel at his tricks need your sunday fix blind devotion came rotting your brain  pre james hetfield chain chain join the endless chain taken by his glamour fame fame  infection is the game stinking drunk with power  we see   james hetfield time for lust time for lie time to kiss your life goodbye send me money send me green heaven you will meet make a contribution and you'll get a better seat bow to leper messiah   james hetfield witchery weakening sees the sheep are gathering set the trap hypnotize now you follow      james hetfield time for lust time for lie time to kiss your life goodbye send me money send me green heaven you will meet make a contribution and you'll get a better seat lie lie lie lie lie lie lie lie
Metallica,Eye of the Beholder,...And Justice for All,80s,1988,1988-08-25,do you see what i see truth is an offense you silence for your confidence do you hear what i hear doors are slamming shut limit your imagination keep you where they must do you feel what i feel bittering distress who decides what you express do you take what i take endurance is the word moving back instead of forward seems to me absurd  pre doesn't matter what you see or into it what you read you can do it your own way if it's done just how i say   independence limited freedom of choice is made for you my friend freedom of speech is words that they will bend freedom with their exception   do you fear what i fear living properly truths to you are lies to me do you choose what i choose more alternatives energy derives from both the plus and negative do you need what i need boundaries overthrown look inside to each his own do you trust what i trust me myself and i penetrate the smoke screen i see through the selfish lie  pre doesn't matter what you see or into it what you read you can do it your own way if it's done just how i say   independence limited freedom of choice is made for you my friend freedom of speech is words that they will bend freedom with their exception      do you know what i know your money and your wealth you silence just to hear yourself do you want what i want desire not a thing i hunger after independence lengthen freedom's ring  pre doesn't matter what you see or into it what you read you can do it your own way if it's done just how i say   independence limited freedom of choice is made for you my friend freedom of speech is words that they will bend freedom no longer frees you   doesn't matter what you see or into it what you read you can do it your own way if it's done just how i say
Metallica,Spit Out the Bone,Hardwired…To Self-Destruct (Deluxe Edition),10s,2016,2016-11-18,come unto me and you will feel perfection come unto me and dedicate come unto me you'll never feel rejection come unto me and terminate remove your heart it's only good for bleeding bleeding through your fragile skin remove your thought 'cause it's only for deceiving deceiving thoughts destroy within  pre  disappear like man was never here   long live machine the future supreme man overthrown spit out the bone   plug into me i guarantee devotion plug into me and dedicate plug into me and i'll save you from emotion plug into me and terminate accelerate utopian solution finally cure the earth of man exterminate speeding up the evolution set on course a master plan  pre  reinvent the earth inhabitant   long live machine the future supreme man overthrown spit out the bone  bass    the flesh betrays the flesh your man has had his time we lay him down to rest machined the new divine    stop breathing and dedicate to me stop dreaming and terminate for me all meaning you dedicate to me all feelings you terminate for me     pre  disappear like man was never here   long live machine our future supreme your man overthrown spit out the bone yeah
Metallica,Halo on Fire,Hardwired…To Self-Destruct (Deluxe Edition),10s,2016,2016-11-18,obey obey come won't you stay sincere sincere all ends in tears endure endure thoughts most impure concede concede but both shall we bleed   oh halo on fire the midnight knows it well fast is desire creates another hell i fear to turn on the light for the darkness won't go away fast is desire turn out the light halo on fire   allure allure sweetness obscure abide abide secrets inside deprive deprive to feel so alive obey obey just don't turn away   oh halo on fire the midnight knows it well fast is desire creates another hell i fear to turn on the light for the darkness won't go away fast is desire turn out the light halo on fire   prayers cannot get through return to sender unto which of you shall i surrender twisting in disguise dark resurrection lighting up the skies wicked perfection too dark to sleep can't slip away open or close my eyes betray beyond the black come won't you stay   hello darkness say goodbye hello darkness say goodbye hello darkness say goodbye
Metallica,Hero of the Day,Load,90s,1996,1996-06-04,refrain mama they try and break me   the window burns to light the way back home a light that warms no matter where they've gone they're off to find the hero of the day but what if they should fall by someone's wicked way  link still the window burns time so slowly turns and someone there is sighing keepers of the flames do you feel your name did you hear your babies crying  refrain mama they try and break me still they try and break me   excuse me while i tend to how i feel these things return to me that still seem real now deservingly this easy chair but the rocking stopped by wheels of despair   don't want your aid but the fist i make for years can't hold or feel no i'm not all me so please excuse me while i tend to how i feel   but now the dreams and waking screams that ever last the night so build the wall behind it crawl and hide until it's light so can you hear your babies crying now    still the window burns time so slowly turns and someone there is sighing keepers of the flames did you feel your names did you hear your babies crying   but now the dreams and waking screams that ever last the night so build a wall behind it crawl and hide until it's light so can't you hear your babies crying now  refrain x mama they try and break me mama they try and break me mama they try and break me mama they try mama they try
Metallica,Mama Said,Load,90s,1996,1996-06-04,mama she has taught me well told me when i was young son your life's an open book don't close it 'fore it's done the brightest flame burns quickest is what i heard her say a son's heart's owned to mother but i must find my way   let my heart go let your son grow mama let my heart go or let this heart be still be still   rebel my new last name wild blood in my veins apron strings around my neck the mark that still remains left home at an early age of what i heard was wrong i never asked forgiveness but what is said is done   let my heart go let your son grow mama let my heart go or let this heart be still   never i ask of you but never i gave but you gave me your emptiness i now take to my grave never i ask of you but never i gave but you gave me your emptiness i now take to my grave so let this heart be still   mama now i'm coming home i'm not all you wished of me but a mother's love for her son unspoken help me be i took your love for granted and all the things you said to me yeahyeah i need your arms to welcome me but a cold stone's all i see   let my heart go let your son grow mama let my heart go or let this heart be still let my heart go mama let my heart go you never let my heart go so let this heart be still   never i ask of you but never i gave but you gave me your emptiness i now take to my grave never i ask of you but never i gave but you gave me your emptiness i now take to my grave so let this heart be still
Metallica,Fight Fire with Fire,Ride the Lightning,80s,1984,1984-07-27,do unto others as they've done to you but what the hell is this world coming to blow the uniinto nothingness nuclear warfare shall lay us to rest   fight fire with fire ending is near fight fire with fire bursting with fear we all shall die   time is like a fuse short and burning fast armageddon's here like said in the past   fight fire with fire ending is near fight fire with fire bursting with fear      soon to fill our lungs the hot winds of death the gods are laughing so take your last breath   fight fire with fire ending is near fight fire with fire bursting with fear   fight fire with fire fight fire with fire fight fire with fire fight fire with fire fight fire with fire fight fire with fire fight fire with fire fight fire with fire fight
Metallica,"Damage, Inc.",Master of Puppets,80s,1986,1986-03-03,bass    dealing out the agony within charging hard and no one's going to give in living on your knees conformity or dying on your feet for honesty inbred our bodies work as one bloody but never cry submission following our instinct not a trend go against the grain until the end   blood will follow blood dying time is here damage incorporated   slamming through don't fuck with razorback stepping out you'll feel our hell on your back blood follows blood and we make sure life isn't for you and we're the cure honesty is my only excuse try to rob us of it but it's no use steamroller action crushing all victim is your name and you shall fall   blood will follow blood dying time is here damage incorporated   we chew and spit you out we laugh you scream and shout all flee with fear you run you'll know just where we come from damage incorporated go      damage jackals ripping right through you sight and smell of this it gets me going know just how to get just what we want tear it from your soul in nightly hunt fuck it all and fucking no regrets never happy ending on these dark sets all's fair for damage inc you see step a little closer if you please   blood will follow blood dying time is here damage incorporated
Metallica,The Memory Remains,Reload,90s,1997,1997-11-18,fortune fame mirror vain gone insane but the memory remains   heavy rings on fingers wave another star denies the grave see the nowhere crowd cry the nowhere tears of honor like twisted vines that grow hide and swallow mansions whole dim the light of an already faded primadonna   fortune fame mirror vain gone insane fortune fame mirror vain gone insane but the memory remains   heavy rings hold cigarettes up to lips that time forgets while the hollywood sun sets behind your back and can't the band play on just listen they play my song ash to ash dust to dust fade to black    marianne faithfull  fortune fame mirror vain gone insane fortune fame mirror vain gone insane dance little tin goddess   drift away fade away little tin goddess ash to ash dust to dust fade to black   fortune fame mirror vain gone insane fortune fame mirror vain gone insane but the memory remains   ash to ash ash to ash dust to dust dust to dust fade to black fade to black the memory remains   yeah to this faded primadonna yeah yeah yeah yeah    marianne faithfull  dance little tin goddess dance da da da da da da da da da da da da say yes or at least say hello la da da say yes or at least say hello la da da  da da da   da da da da   da da da da   da da   na da da da da   la da da da   da da da   da da da da   da da da da   da da   na da da da da   la da da da   da da da   da da da da   da da da da   da da   da da da da   da da da da   da da da   da da da da   da da da da say yes   da da da or at least say hello   na da da da da   da da da da say yes   da da da or at least say hello   da da da da da   da da da da   da da da
Metallica,Am I Evil?,Garage Inc.,90s,1998,1998-11-24,my mother was a witch she was burned alive thankless little bitch for the tears i cried take her down now don't want to see her face all blistered and burnt can't hide my disgrace  pre twentyseven everyone was nice got to see them make them pay the price see their bodies out on the ice take my time   am i evil yes i am am i evil i am man yes i am   as i watched my mother die i lost my head revenge now i sought to break with my bread taking no chances you come with me i'll split you to the bone help set you free  pre twentyseven everyone was nice got to see them make them pay the price see their bodies out on the ice take my time   am i evil yes i am am i evil i am man yes i am   on with the action now i'll strip your pride i'll spread your blood around i'll see you writhe your face is scarred with steel wounds deep and neat like a double dozen before you smells so sweet   am i evil yes i am am i evil i am man yes i am  4 i'll make my residence i'll watch your fire you can come with me sweet desire my face is long forgot my face not my own sweet and timely whore take me home   am i evil yes i am am i evil i am man yes i am  5 my soul is longing for await my heir sent to avenge my mother sweep myself my face is long forgot my face not my own sweet and timely whore take me home   am i evil yes i am am i evil i am man yes i am am i evil yes i fuckin' am am i evil i am man yes i am yeah
Metallica,The Shortest Straw,...And Justice for All,80s,1988,1988-08-25,suspicion is your name your honesty to blame put dignity to shame dishonor witchhunt modern day determining decay the blatant disarray disfigure the public eyes' disgrace defying commonplace unending paper chase unending deafening painstaking reckoning this vertigo it doth bring    shortest straw challenge liberty downed by law live in infamy rub you raw witchhunt riding through shortest straw this shortest straw has been pulled for you pulled for you shortest straw pulled for you shortest straw pulled for you shortest straw shortest straw has been pulled for you   the accusations fly discrimination why your inner self to die intruding doubt sunk itself in you its teeth and talons through you're living catch deluding a mass hysteria a megalomania reveal dementia reveal secretly silently certainly in vertigo you will be    shortest straw challenge liberty downed by law live in infamy rub you raw witchhunt riding through shortest straw this shortest straw has been pulled for you pulled for you shortest straw pulled for you shortest straw pulled for you shortest straw the shortest straw has been pulled for you     post  shortest straw pulled for you shortest straw pulled for you shortest straw pulled for you shortest straw the shortest straw has been pulled for you      behind you hands are tied your being ostracized your hell is multiplied upending the fallout has begun oppressive damage done your many turned to none to nothing you're reaching your nadir your will has disappeared the lie is crystal clear defending channels red one word said blacklisted with vertigo make you dead    shortest straw challenge liberty downed by law live in infamy rub you raw witchhunt riding through shortest straw this shortest straw has been pulled for you pulled for you
